cluster,mean,sum,count
1,618.2428869357963,4150264.5,6713
2,486.79163330529855,2893976.26,5945
3,507.6144871794872,712690.74,1404
